{
  "success_rate": 0.725,
  "successes": 29,
  "timeouts": 11,
  "collisions": 0,
  "total_scenarios": 40,
  "avg_steps": 11.448275862068966,
  "avg_step_ratio": 1.0473186119873816,
  "timeout_rate": 0.275,
  "collision_rate": 0.0,
  "diag": {
    "small(8-12)": {
      "avg_stay_ratio": 0.25768847419350516,
      "avg_loop_rate": 0.15999999999999998,
      "avg_timeout_dist": 3.0
    },
    "medium(13-17)": {
      "avg_stay_ratio": 0.2446923831529095,
      "avg_loop_rate": 0.23333333333333334,
      "avg_timeout_dist": 3.75
    },
    "large(18-20)": {
      "avg_stay_ratio": 0.42846153846153845,
      "avg_loop_rate": 0.5,
      "avg_timeout_dist": 2.6666666666666665
    }
  },
  "avg_timeout_dist": 3.1818181818181817,
  "avg_stay_ratio": 0.2741615730867859,
  "avg_loop_rate": 0.22999999999999998,
  "episode": 1200,
  "type": "training",
  "source_model": null,
  "size_stats": {
    "small(8-12)": {
      "success": 16,
      "total": 20,
      "timeout": 4,
      "collision": 0
    },
    "medium(13-17)": {
      "success": 11,
      "total": 15,
      "timeout": 4,
      "collision": 0
    },
    "large(18-20)": {
      "success": 2,
      "total": 5,
      "timeout": 3,
      "collision": 0
    }
  }
}