{
  "success_rate": 0.85,
  "successes": 34,
  "timeouts": 6,
  "collisions": 0,
  "total_scenarios": 40,
  "avg_steps": 7.264705882352941,
  "avg_step_ratio": 1.0248962655601659,
  "timeout_rate": 0.15,
  "collision_rate": 0.0,
  "diag": {
    "small(8-12)": {
      "avg_stay_ratio": 0.19266369047619045,
      "avg_loop_rate": 0.06964285714285715,
      "avg_timeout_dist": 6.583333333333333
    }
  },
  "avg_timeout_dist": 6.583333333333333,
  "avg_stay_ratio": 0.19266369047619045,
  "avg_loop_rate": 0.06964285714285715,
  "episode": 300,
  "type": "training",
  "source_model": null,
  "size_stats": {
    "small(8-12)": {
      "success": 34,
      "total": 40,
      "timeout": 6,
      "collision": 0
    }
  }
}