{
  "success_rate": 0.75,
  "successes": 30,
  "timeouts": 9,
  "collisions": 1,
  "total_scenarios": 40,
  "avg_steps": 10.466666666666667,
  "avg_step_ratio": 1.0328947368421053,
  "timeout_rate": 0.225,
  "collision_rate": 0.025,
  "diag": {
    "small(8-12)": {
      "avg_stay_ratio": 0.22882668073003826,
      "avg_loop_rate": 0.08989028213166143,
      "avg_timeout_dist": 5.5
    },
    "medium(13-17)": {
      "avg_stay_ratio": 0.2524087024087024,
      "avg_loop_rate": 0.25944055944055944,
      "avg_timeout_dist": 4.5
    }
  },
  "avg_timeout_dist": 5.055555555555555,
  "avg_stay_ratio": 0.2353117366916709,
  "avg_loop_rate": 0.1365166083916084,
  "episode": 800,
  "type": "training",
  "source_model": null,
  "size_stats": {
    "small(8-12)": {
      "success": 23,
      "total": 29,
      "timeout": 5,
      "collision": 1
    },
    "medium(13-17)": {
      "success": 7,
      "total": 11,
      "timeout": 4,
      "collision": 0
    }
  }
}