{
  "success_rate": 0.775,
  "successes": 31,
  "timeouts": 8,
  "collisions": 1,
  "total_scenarios": 40,
  "avg_steps": 9.580645161290322,
  "avg_step_ratio": 1.0206185567010309,
  "timeout_rate": 0.2,
  "collision_rate": 0.025,
  "diag": {
    "small(8-12)": {
      "avg_stay_ratio": 0.22267798339226913,
      "avg_loop_rate": 0.14066515495086923,
      "avg_timeout_dist": 5.7
    },
    "medium(13-17)": {
      "avg_stay_ratio": 0.2589368491845272,
      "avg_loop_rate": 0.1443609022556391,
      "avg_timeout_dist": 2.3333333333333335
    }
  },
  "avg_timeout_dist": 4.4375,
  "avg_stay_ratio": 0.2399009446435917,
  "avg_loop_rate": 0.14242063492063492,
  "episode": 700,
  "type": "training",
  "source_model": null,
  "size_stats": {
    "small(8-12)": {
      "success": 16,
      "total": 21,
      "timeout": 5,
      "collision": 0
    },
    "medium(13-17)": {
      "success": 15,
      "total": 19,
      "timeout": 3,
      "collision": 1
    }
  }
}