{
  "success_rate": 0.825,
  "successes": 33,
  "timeouts": 6,
  "collisions": 1,
  "total_scenarios": 40,
  "avg_steps": 12.151515151515152,
  "avg_step_ratio": 1.0,
  "timeout_rate": 0.15,
  "collision_rate": 0.025,
  "diag": {
    "small(8-12)": {
      "avg_stay_ratio": 0.25302590927590923,
      "avg_loop_rate": 0.03523328523328523,
      "avg_timeout_dist": 7.0
    },
    "medium(13-17)": {
      "avg_stay_ratio": 0.16584110334110336,
      "avg_loop_rate": 0.0,
      "avg_timeout_dist": 0
    },
    "large(18-20)": {
      "avg_stay_ratio": 0.21057406361754188,
      "avg_loop_rate": 0.10793650793650793,
      "avg_timeout_dist": 7.25
    }
  },
  "avg_timeout_dist": 7.166666666666667,
  "avg_stay_ratio": 0.22073080210851953,
  "avg_loop_rate": 0.05363275613275613,
  "episode": 1200,
  "type": "training",
  "source_model": null,
  "size_stats": {
    "small(8-12)": {
      "success": 15,
      "total": 18,
      "timeout": 2,
      "collision": 1
    },
    "medium(13-17)": {
      "success": 8,
      "total": 8,
      "timeout": 0,
      "collision": 0
    },
    "large(18-20)": {
      "success": 10,
      "total": 14,
      "timeout": 4,
      "collision": 0
    }
  }
}