{
  "success_rate": 0.775,
  "successes": 31,
  "timeouts": 8,
  "collisions": 1,
  "total_scenarios": 40,
  "avg_steps": 7.387096774193548,
  "avg_step_ratio": 1.040909090909091,
  "timeout_rate": 0.2,
  "collision_rate": 0.025,
  "diag": {
    "small(8-12)": {
      "avg_stay_ratio": 0.23041450216450218,
      "avg_loop_rate": 0.12079365079365081,
      "avg_timeout_dist": 4.625
    }
  },
  "avg_timeout_dist": 4.625,
  "avg_stay_ratio": 0.23041450216450218,
  "avg_loop_rate": 0.12079365079365081,
  "episode": 400,
  "type": "training",
  "source_model": null,
  "size_stats": {
    "small(8-12)": {
      "success": 31,
      "total": 40,
      "timeout": 8,
      "collision": 1
    }
  }
}