{
  "success_rate": 0.775,
  "successes": 31,
  "timeouts": 6,
  "collisions": 3,
  "total_scenarios": 40,
  "avg_steps": 10.741935483870968,
  "avg_step_ratio": 1.0341614906832297,
  "timeout_rate": 0.15,
  "collision_rate": 0.075,
  "diag": {
    "small(8-12)": {
      "avg_stay_ratio": 0.2251466006996698,
      "avg_loop_rate": 0.11521739130434783,
      "avg_timeout_dist": 5.375
    },
    "medium(13-17)": {
      "avg_stay_ratio": 0.29121685872960684,
      "avg_loop_rate": 0.1287581699346405,
      "avg_timeout_dist": 3.5
    }
  },
  "avg_timeout_dist": 4.75,
  "avg_stay_ratio": 0.253226460362393,
  "avg_loop_rate": 0.12097222222222223,
  "episode": 900,
  "type": "training",
  "source_model": null,
  "size_stats": {
    "small(8-12)": {
      "success": 18,
      "total": 23,
      "timeout": 4,
      "collision": 1
    },
    "medium(13-17)": {
      "success": 13,
      "total": 17,
      "timeout": 2,
      "collision": 2
    }
  }
}