{
  "success_rate": 0.65,
  "successes": 26,
  "timeouts": 11,
  "collisions": 3,
  "total_scenarios": 40,
  "avg_steps": 8.961538461538462,
  "avg_step_ratio": 1.0355555555555556,
  "timeout_rate": 0.275,
  "collision_rate": 0.075,
  "diag": {
    "small(8-12)": {
      "avg_stay_ratio": 0.21416897685647687,
      "avg_loop_rate": 0.13798992673992672,
      "avg_timeout_dist": 4.954545454545454
    }
  },
  "avg_timeout_dist": 4.954545454545454,
  "avg_stay_ratio": 0.21416897685647687,
  "avg_loop_rate": 0.13798992673992672,
  "episode": 100,
  "type": "training",
  "source_model": null,
  "size_stats": {
    "small(8-12)": {
      "success": 26,
      "total": 40,
      "timeout": 11,
      "collision": 3
    }
  }
}