{
  "success_rate": 0.775,
  "successes": 31,
  "timeouts": 8,
  "collisions": 1,
  "total_scenarios": 40,
  "avg_steps": 11.0,
  "avg_step_ratio": 1.0271084337349397,
  "timeout_rate": 0.2,
  "collision_rate": 0.025,
  "diag": {
    "small(8-12)": {
      "avg_stay_ratio": 0.2263087233279541,
      "avg_loop_rate": 0.14786324786324787,
      "avg_timeout_dist": 5.0
    },
    "medium(13-17)": {
      "avg_stay_ratio": 0.25983146460645357,
      "avg_loop_rate": 0.17012987012987013,
      "avg_timeout_dist": 6.0
    }
  },
  "avg_timeout_dist": 5.5,
  "avg_stay_ratio": 0.23804168277542886,
  "avg_loop_rate": 0.15565656565656566,
  "episode": 1000,
  "type": "training",
  "source_model": null,
  "size_stats": {
    "small(8-12)": {
      "success": 21,
      "total": 26,
      "timeout": 4,
      "collision": 1
    },
    "medium(13-17)": {
      "success": 10,
      "total": 14,
      "timeout": 4,
      "collision": 0
    }
  }
}