{
  "success_rate": 0.775,
  "successes": 31,
  "timeouts": 7,
  "collisions": 2,
  "total_scenarios": 40,
  "avg_steps": 13.451612903225806,
  "avg_step_ratio": 1.0296296296296297,
  "timeout_rate": 0.175,
  "collision_rate": 0.05,
  "diag": {
    "medium(13-17)": {
      "avg_stay_ratio": 0.2888372194254547,
      "avg_loop_rate": 0.275,
      "avg_timeout_dist": 2.4
    },
    "large(18-22)": {
      "avg_stay_ratio": 0.2131947681947682,
      "avg_loop_rate": 0.011111111111111108,
      "avg_timeout_dist": 8.5
    },
    "small(8-12)": {
      "avg_stay_ratio": 0.14334415584415583,
      "avg_loop_rate": 0.02545454545454545,
      "avg_timeout_dist": 12.0
    }
  },
  "avg_timeout_dist": 4.642857142857143,
  "avg_stay_ratio": 0.21725776905556318,
  "avg_loop_rate": 0.12204545454545454,
  "episode": 2000,
  "type": "training",
  "source_model": null,
  "size_stats": {
    "medium(13-17)": {
      "success": 10,
      "total": 16,
      "timeout": 5,
      "collision": 1
    },
    "large(18-22)": {
      "success": 8,
      "total": 9,
      "timeout": 1,
      "collision": 0
    },
    "small(8-12)": {
      "success": 13,
      "total": 15,
      "timeout": 1,
      "collision": 1
    }
  }
}