{
  "success_rate": 0.775,
  "successes": 31,
  "timeouts": 7,
  "collisions": 2,
  "total_scenarios": 40,
  "avg_steps": 9.96774193548387,
  "avg_step_ratio": 1.026578073089701,
  "timeout_rate": 0.175,
  "collision_rate": 0.05,
  "diag": {
    "small(8-12)": {
      "avg_stay_ratio": 0.22665624973317283,
      "avg_loop_rate": 0.12365967365967366,
      "avg_timeout_dist": 3.375
    },
    "medium(13-17)": {
      "avg_stay_ratio": 0.24281621156621158,
      "avg_loop_rate": 0.20584415584415586,
      "avg_timeout_dist": 5.833333333333333
    }
  },
  "avg_timeout_dist": 4.428571428571429,
  "avg_stay_ratio": 0.23231223637473636,
  "avg_loop_rate": 0.15242424242424243,
  "episode": 300,
  "type": "training",
  "source_model": null,
  "size_stats": {
    "small(8-12)": {
      "success": 21,
      "total": 26,
      "timeout": 4,
      "collision": 1
    },
    "medium(13-17)": {
      "success": 10,
      "total": 14,
      "timeout": 3,
      "collision": 1
    }
  }
}