{
  "success_rate": 0.775,
  "successes": 31,
  "timeouts": 9,
  "collisions": 0,
  "total_scenarios": 40,
  "avg_steps": 7.516129032258065,
  "avg_step_ratio": 1.0309734513274336,
  "timeout_rate": 0.225,
  "collision_rate": 0.0,
  "diag": {
    "small(8-12)": {
      "avg_stay_ratio": 0.24094474969474966,
      "avg_loop_rate": 0.11640567765567766,
      "avg_timeout_dist": 4.5
    }
  },
  "avg_timeout_dist": 4.5,
  "avg_stay_ratio": 0.24094474969474966,
  "avg_loop_rate": 0.11640567765567766,
  "episode": 500,
  "type": "training",
  "source_model": null,
  "size_stats": {
    "small(8-12)": {
      "success": 31,
      "total": 40,
      "timeout": 9,
      "collision": 0
    }
  }
}