{
  "success_rate": 0.725,
  "successes": 29,
  "timeouts": 10,
  "collisions": 1,
  "total_scenarios": 40,
  "avg_steps": 8.517241379310345,
  "avg_step_ratio": 1.0206611570247934,
  "timeout_rate": 0.25,
  "collision_rate": 0.025,
  "diag": {
    "small(8-12)": {
      "avg_stay_ratio": 0.290157471001221,
      "avg_loop_rate": 0.18182234432234431,
      "avg_timeout_dist": 3.7
    }
  },
  "avg_timeout_dist": 3.7,
  "avg_stay_ratio": 0.290157471001221,
  "avg_loop_rate": 0.18182234432234431,
  "episode": 400,
  "type": "training",
  "source_model": null,
  "size_stats": {
    "small(8-12)": {
      "success": 29,
      "total": 40,
      "timeout": 10,
      "collision": 1
    }
  }
}