{
  "success_rate": 0.725,
  "successes": 29,
  "timeouts": 11,
  "collisions": 0,
  "total_scenarios": 40,
  "avg_steps": 12.068965517241379,
  "avg_step_ratio": 1.0479041916167664,
  "timeout_rate": 0.275,
  "collision_rate": 0.0,
  "diag": {
    "small(8-12)": {
      "avg_stay_ratio": 0.21001554001554,
      "avg_loop_rate": 0.08237762237762239,
      "avg_timeout_dist": 8.0
    },
    "medium(13-17)": {
      "avg_stay_ratio": 0.2738675015460729,
      "avg_loop_rate": 0.20476190476190476,
      "avg_timeout_dist": 5.125
    },
    "large(18-20)": {
      "avg_stay_ratio": 0.2733691534409238,
      "avg_loop_rate": 0.32727272727272727,
      "avg_timeout_dist": 2.5
    }
  },
  "avg_timeout_dist": 4.954545454545454,
  "avg_stay_ratio": 0.2497859702432071,
  "avg_loop_rate": 0.19255827505827505,
  "episode": 1300,
  "type": "training",
  "source_model": null,
  "size_stats": {
    "small(8-12)": {
      "success": 12,
      "total": 15,
      "timeout": 3,
      "collision": 0
    },
    "medium(13-17)": {
      "success": 10,
      "total": 14,
      "timeout": 4,
      "collision": 0
    },
    "large(18-20)": {
      "success": 7,
      "total": 11,
      "timeout": 4,
      "collision": 0
    }
  }
}