{
  "success_rate": 0.775,
  "successes": 31,
  "timeouts": 8,
  "collisions": 1,
  "total_scenarios": 40,
  "avg_steps": 9.806451612903226,
  "avg_step_ratio": 1.0167224080267558,
  "timeout_rate": 0.2,
  "collision_rate": 0.025,
  "diag": {
    "small(8-12)": {
      "avg_stay_ratio": 0.22069231462981467,
      "avg_loop_rate": 0.12877039627039627,
      "avg_timeout_dist": 3.4375
    }
  },
  "avg_timeout_dist": 3.4375,
  "avg_stay_ratio": 0.22069231462981467,
  "avg_loop_rate": 0.12877039627039627,
  "episode": 500,
  "type": "training",
  "source_model": null,
  "size_stats": {
    "small(8-12)": {
      "success": 31,
      "total": 40,
      "timeout": 8,
      "collision": 1
    }
  }
}