{
  "success_rate": 0.675,
  "successes": 27,
  "timeouts": 11,
  "collisions": 2,
  "total_scenarios": 40,
  "avg_steps": 12.777777777777779,
  "avg_step_ratio": 1.0117302052785924,
  "timeout_rate": 0.275,
  "collision_rate": 0.05,
  "diag": {
    "small(8-12)": {
      "avg_stay_ratio": 0.26582482969122645,
      "avg_loop_rate": 0.06043956043956044,
      "avg_timeout_dist": 9.0
    },
    "medium(13-17)": {
      "avg_stay_ratio": 0.2648917292717602,
      "avg_loop_rate": 0.24035087719298245,
      "avg_timeout_dist": 3.0
    },
    "large(18-20)": {
      "avg_stay_ratio": 0.18549021361908358,
      "avg_loop_rate": 0.45,
      "avg_timeout_dist": 6.166666666666667
    }
  },
  "avg_timeout_dist": 5.2727272727272725,
  "avg_stay_ratio": 0.24137453221228372,
  "avg_loop_rate": 0.2447744360902256,
  "episode": 1400,
  "type": "training",
  "source_model": null,
  "size_stats": {
    "small(8-12)": {
      "success": 11,
      "total": 13,
      "timeout": 1,
      "collision": 1
    },
    "medium(13-17)": {
      "success": 10,
      "total": 15,
      "timeout": 4,
      "collision": 1
    },
    "large(18-20)": {
      "success": 6,
      "total": 12,
      "timeout": 6,
      "collision": 0
    }
  }
}