{
  "success_rate": 0.7,
  "successes": 28,
  "timeouts": 12,
  "collisions": 0,
  "total_scenarios": 40,
  "avg_steps": 9.964285714285714,
  "avg_step_ratio": 1.021978021978022,
  "timeout_rate": 0.3,
  "collision_rate": 0.0,
  "diag": {
    "small(8-12)": {
      "avg_stay_ratio": 0.226798957986458,
      "avg_loop_rate": 0.11772512210012209,
      "avg_timeout_dist": 5.166666666666667
    }
  },
  "avg_timeout_dist": 5.166666666666667,
  "avg_stay_ratio": 0.226798957986458,
  "avg_loop_rate": 0.11772512210012209,
  "episode": 200,
  "type": "training",
  "source_model": null,
  "size_stats": {
    "small(8-12)": {
      "success": 28,
      "total": 40,
      "timeout": 12,
      "collision": 0
    }
  }
}